Nama,NIM,Jenis_Kelamin,Program_Studi,IPK,Kehadiran,Lama_Studi,Status_Kelulusan
Sari Santoso,2019001000,Perempuan,Sistem Informasi,2.82,83.9,6,Lulus
Putri Wijaya,2021001001,Laki-Laki,Teknik Informatika,3.07,73.8,3,Lulus
Rizki Pratama,2022001002,Laki-Laki,Manajemen,2.88,82.8,5,Lulus
Lia Saputra,2020001003,Laki-Laki,Teknik Informatika,3.05,88.7,5,Lulus
Teguh Kusuma,2020001004,Perempuan,Sistem Informasi,2.3,80.8,4,Lulus
Citra Saputra,2020001005,Laki-Laki,Sistem Informasi,4.0,89.9,3,Lulus
Mega Santoso,2021001006,Laki-Laki,Manajemen,3.56,91.2,6,Lulus
Budi Santoso,2020001007,Perempuan,Teknik Informatika,2.92,82.0,4,Lulus
Gita Saputra,2022001008,Perempuan,Sistem Informasi,3.86,83.5,6,Lulus
Dewi Saputra,2021001009,Laki-Laki,Teknik Informatika,2.63,72.8,4,Lulus
Budi Setiawan,2020001010,Laki-Laki,Sistem Informasi,3.26,89.3,5,Lulus
Agus Wibowo,2021001011,Perempuan,Manajemen,2.87,81.5,4,Lulus
Rizki Santoso,2018001012,Laki-Laki,Teknik Informatika,3.68,81.8,6,Lulus
Gita Kusuma,2021001013,Laki-Laki,Manajemen,3.34,99.2,4,Lulus
Agus Kusuma,2018001014,Perempuan,Akuntansi,3.67,79.4,4,Lulus
Mega Sukma,2020001015,Perempuan,Akuntansi,3.12,98.4,7,Lulus
Lia Wibowo,2020001016,Laki-Laki,Manajemen,2.06,95.5,6,Tidak Lulus
Agus Setiawan,2022001017,Perempuan,Hukum,2.99,88.2,4,Lulus
Dewi Wibowo,2020001018,Perempuan,Teknik Informatika,3.1,91.5,4,Lulus
Gita Kusuma,2019001019,Laki-Laki,Akuntansi,2.78,86.1,3,Lulus
Dewi Kusuma,2021001020,Laki-Laki,Manajemen,2.6,85.8,4,Lulus
Umi Pratama,2022001021,Perempuan,Sistem Informasi,3.59,100.0,3,Lulus
Dewi Wijaya,2020001022,Laki-Laki,Sistem Informasi,3.49,88.0,6,Lulus
Sari Nur,2019001023,Laki-Laki,Manajemen,2.56,88.2,5,Lulus
Citra Setiawan,2022001024,Laki-Laki,Teknik Informatika,2.34,82.2,4,Lulus
Oki Hidayat,2022001025,Perempuan,Teknik Informatika,3.33,87.2,6,Lulus
Oki Setiawan,2020001026,Perempuan,Teknik Informatika,2.8,80.0,4,Lulus
Fajar Nur,2020001027,Laki-Laki,Sistem Informasi,2.15,82.0,4,Lulus
Rizki Sukma,2019001028,Perempuan,Sistem Informasi,2.32,87.9,5,Lulus
Sari Sukma,2018001029,Perempuan,Hukum,3.01,85.2,5,Lulus
Mega Santoso,2020001030,Laki-Laki,Sistem Informasi,3.43,83.7,4,Lulus
Teguh Saputra,2022001031,Perempuan,Teknik Informatika,2.31,78.9,5,Lulus
Teguh Pratama,2020001032,Perempuan,Teknik Informatika,3.07,88.9,4,Lulus
Karina Setiawan,2021001033,Perempuan,Akuntansi,4.0,86.2,4,Lulus
Hana Nur,2019001034,Laki-Laki,Manajemen,2.12,83.5,5,Lulus
Hana Wibowo,2020001035,Perempuan,Teknik Informatika,2.43,89.6,4,Lulus
Rizki Setiawan,2020001036,Perempuan,Hukum,2.63,86.4,4,Lulus
Joko Wijaya,2021001037,Perempuan,Akuntansi,2.46,85.2,4,Lulus
Irfan Nur,2022001038,Laki-Laki,Sistem Informasi,3.88,95.2,4,Lulus
Joko Nur,2020001039,Perempuan,Sistem Informasi,2.88,94.9,4,Lulus
Citra Wibowo,2022001040,Perempuan,Akuntansi,2.93,91.8,4,Lulus
Eka Hidayat,2020001041,Laki-Laki,Teknik Informatika,3.08,84.2,4,Lulus
Sari Hidayat,2021001042,Perempuan,Sistem Informasi,1.59,82.2,5,Tidak Lulus
Teguh Wijaya,2021001043,Perempuan,Sistem Informasi,2.54,97.6,7,Tidak Lulus
Agus Nur,2020001044,Laki-Laki,Akuntansi,3.7,98.8,6,Lulus
Umi Wibowo,2021001045,Perempuan,Sistem Informasi,3.52,99.8,3,Lulus
Teguh Wibowo,2020001046,Perempuan,Manajemen,2.86,71.8,3,Lulus
Sari Setiawan,2020001047,Perempuan,Teknik Informatika,2.54,91.6,7,Tidak Lulus
Eka Wibowo,2019001048,Laki-Laki,Hukum,2.78,78.4,5,Lulus
Mega Nur,2020001049,Perempuan,Sistem Informasi,3.43,92.7,6,Lulus
Rizki Kusuma,2020001050,Laki-Laki,Sistem Informasi,3.09,94.7,7,Lulus
Joko Setiawan,2021001051,Perempuan,Teknik Informatika,3.45,79.4,7,Lulus
Agus Wibowo,2019001052,Perempuan,Sistem Informasi,2.56,90.7,4,Lulus
Teguh Saputra,2020001053,Perempuan,Manajemen,2.97,86.6,4,Lulus
Budi Kusuma,2019001054,Perempuan,Sistem Informasi,3.67,87.1,5,Lulus
Gita Kusuma,2022001055,Perempuan,Manajemen,2.6,81.7,4,Lulus
Gita Wijaya,2022001056,Laki-Laki,Teknik Informatika,2.29,84.2,4,Lulus
Oki Setiawan,2019001057,Perempuan,Manajemen,3.54,83.0,4,Lulus
Eka Hidayat,2022001058,Laki-Laki,Teknik Informatika,3.08,84.8,4,Lulus
Rizki Pratama,2020001059,Perempuan,Teknik Informatika,3.14,79.8,4,Lulus
Dewi Setiawan,2020001060,Perempuan,Hukum,2.46,82.4,6,Tidak Lulus
Nanda Kusuma,2021001061,Laki-Laki,Sistem Informasi,2.6,80.3,4,Lulus
Eka Wijaya,2020001062,Perempuan,Teknik Informatika,2.91,81.5,3,Lulus
Hana Nur,2022001063,Laki-Laki,Teknik Informatika,2.52,73.1,4,Lulus
Irfan Wijaya,2021001064,Perempuan,Hukum,3.54,92.1,4,Lulus
Karina Nur,2022001065,Laki-Laki,Sistem Informasi,3.76,99.0,4,Lulus
Eka Saputra,2022001066,Laki-Laki,Teknik Informatika,3.34,85.5,5,Lulus
Hana Setiawan,2019001067,Laki-Laki,Manajemen,2.67,84.2,5,Lulus
Oki Wijaya,2020001068,Laki-Laki,Sistem Informasi,3.2,94.0,4,Lulus
Citra Wibowo,2021001069,Perempuan,Teknik Informatika,2.35,98.8,4,Lulus
Eka Kusuma,2021001070,Laki-Laki,Teknik Informatika,3.31,82.8,3,Lulus
Nanda Nur,2020001071,Laki-Laki,Akuntansi,3.16,76.6,5,Lulus
Teguh Wibowo,2021001072,Laki-Laki,Hukum,2.85,89.8,4,Lulus
Hana Pratama,2021001073,Perempuan,Hukum,3.26,91.2,6,Lulus
Lia Wibowo,2021001074,Laki-Laki,Teknik Informatika,2.75,91.8,4,Lulus
Lia Nur,2020001075,Perempuan,Manajemen,3.11,77.0,4,Lulus
Rizki Sukma,2019001076,Laki-Laki,Manajemen,4.0,87.5,4,Lulus
Karina Hidayat,2021001077,Laki-Laki,Sistem Informasi,3.81,78.0,4,Lulus
Citra Wijaya,2018001078,Perempuan,Sistem Informasi,3.01,89.1,5,Lulus
Joko Wibowo,2019001079,Perempuan,Teknik Informatika,2.75,85.7,4,Lulus
Oki Setiawan,2021001080,Perempuan,Hukum,2.97,94.2,4,Lulus
Nanda Setiawan,2019001081,Perempuan,Sistem Informasi,2.7,91.2,4,Lulus
Umi Saputra,2019001082,Laki-Laki,Teknik Informatika,2.88,87.9,6,Lulus
Karina Nur,2020001083,Perempuan,Sistem Informasi,2.49,92.5,4,Lulus
Dewi Kusuma,2019001084,Laki-Laki,Teknik Informatika,3.1,90.6,6,Lulus
Umi Wijaya,2020001085,Perempuan,Teknik Informatika,3.19,87.9,4,Lulus
Irfan Santoso,2019001086,Laki-Laki,Hukum,2.41,73.7,5,Lulus
Karina Kusuma,2019001087,Laki-Laki,Teknik Informatika,3.08,89.9,4,Lulus
Eka Sukma,2019001088,Perempuan,Sistem Informasi,3.02,95.4,4,Lulus
Fajar Wibowo,2019001089,Laki-Laki,Sistem Informasi,3.08,89.5,4,Lulus
Citra Santoso,2019001090,Perempuan,Teknik Informatika,3.18,90.4,5,Lulus
Fajar Hidayat,2018001091,Laki-Laki,Sistem Informasi,3.2,81.4,4,Lulus
Lia Setiawan,2021001092,Perempuan,Manajemen,3.52,89.8,7,Lulus
Budi Pratama,2021001093,Laki-Laki,Sistem Informasi,3.65,80.6,4,Lulus
Teguh Santoso,2020001094,Perempuan,Hukum,3.45,72.5,4,Lulus
Teguh Setiawan,2019001095,Laki-Laki,Teknik Informatika,2.96,87.5,4,Lulus
Karina Hidayat,2019001096,Laki-Laki,Sistem Informasi,2.79,99.4,4,Lulus
Hana Hidayat,2020001097,Perempuan,Hukum,3.15,72.4,3,Lulus
Umi Hidayat,2020001098,Perempuan,Teknik Informatika,3.23,99.0,4,Lulus
Gita Pratama,2021001099,Laki-Laki,Hukum,2.94,88.1,5,Lulus
Mega Wibowo,2020001100,Laki-Laki,Manajemen,3.77,69.8,5,Lulus
Teguh Saputra,2020001101,Laki-Laki,Hukum,2.97,80.1,5,Lulus
Joko Wibowo,2021001102,Laki-Laki,Teknik Informatika,3.34,91.4,6,Lulus
Irfan Nur,2019001103,Laki-Laki,Sistem Informasi,3.14,94.4,4,Lulus
Gita Hidayat,2019001104,Perempuan,Akuntansi,2.92,85.1,4,Lulus
Oki Pratama,2022001105,Laki-Laki,Sistem Informasi,2.62,81.3,5,Lulus
Lia Pratama,2022001106,Laki-Laki,Manajemen,2.77,96.7,4,Lulus
Sari Setiawan,2019001107,Laki-Laki,Teknik Informatika,3.58,95.2,6,Lulus
Oki Wibowo,2019001108,Laki-Laki,Hukum,2.25,82.3,5,Lulus
Eka Santoso,2020001109,Perempuan,Teknik Informatika,3.1,83.0,7,Tidak Lulus
Mega Saputra,2020001110,Laki-Laki,Manajemen,3.08,86.1,5,Lulus
Lia Saputra,2021001111,Laki-Laki,Teknik Informatika,2.13,86.1,6,Tidak Lulus
Budi Santoso,2020001112,Perempuan,Sistem Informasi,2.56,82.9,7,Tidak Lulus
Joko Santoso,2019001113,Perempuan,Teknik Informatika,3.36,98.4,4,Lulus
Dewi Wibowo,2020001114,Laki-Laki,Teknik Informatika,3.08,93.1,5,Lulus
Nanda Sukma,2020001115,Laki-Laki,Teknik Informatika,3.46,79.6,7,Lulus
Sari Nur,2020001116,Laki-Laki,Teknik Informatika,2.72,77.7,4,Lulus
Citra Hidayat,2019001117,Laki-Laki,Teknik Informatika,3.24,79.9,5,Lulus
Dewi Nur,2022001118,Laki-Laki,Teknik Informatika,2.91,93.8,5,Lulus
Lia Wibowo,2019001119,Laki-Laki,Sistem Informasi,2.46,94.2,5,Lulus
Agus Wijaya,2019001120,Laki-Laki,Sistem Informasi,2.28,73.1,5,Tidak Lulus
Sari Sukma,2020001121,Laki-Laki,Teknik Informatika,3.28,100.0,4,Lulus
Joko Santoso,2020001122,Perempuan,Manajemen,2.42,84.1,4,Lulus
Lia Hidayat,2019001123,Laki-Laki,Manajemen,2.68,91.3,5,Lulus
Irfan Santoso,2020001124,Laki-Laki,Manajemen,3.06,95.8,4,Lulus
Putri Pratama,2020001125,Laki-Laki,Sistem Informasi,2.09,81.3,3,Lulus
Umi Nur,2020001126,Perempuan,Sistem Informasi,2.31,86.3,6,Tidak Lulus
Joko Hidayat,2020001127,Perempuan,Sistem Informasi,2.43,91.0,4,Lulus
Budi Pratama,2019001128,Laki-Laki,Sistem Informasi,2.96,73.5,4,Lulus
Agus Hidayat,2022001129,Laki-Laki,Manajemen,3.62,82.3,7,Lulus
Joko Saputra,2020001130,Laki-Laki,Teknik Informatika,3.18,85.9,4,Lulus
Budi Wijaya,2020001131,Laki-Laki,Teknik Informatika,3.14,93.4,5,Lulus
Lia Wibowo,2019001132,Perempuan,Teknik Informatika,3.21,87.7,3,Lulus
Karina Setiawan,2020001133,Laki-Laki,Manajemen,3.97,86.3,6,Lulus
Lia Wijaya,2020001134,Perempuan,Hukum,2.41,90.0,4,Lulus
Eka Wijaya,2022001135,Laki-Laki,Hukum,3.31,91.2,5,Lulus
Umi Kusuma,2020001136,Laki-Laki,Manajemen,3.03,85.3,4,Lulus
Irfan Pratama,2021001137,Laki-Laki,Akuntansi,3.46,78.4,4,Lulus
Putri Sukma,2020001138,Perempuan,Teknik Informatika,3.38,71.1,5,Lulus
Putri Wijaya,2022001139,Laki-Laki,Manajemen,3.5,82.7,4,Lulus
Gita Kusuma,2021001140,Laki-Laki,Teknik Informatika,3.07,89.8,4,Lulus
Umi Santoso,2019001141,Laki-Laki,Teknik Informatika,2.99,76.5,5,Lulus
Nanda Hidayat,2020001142,Perempuan,Sistem Informasi,2.99,77.1,5,Lulus
Eka Santoso,2019001143,Perempuan,Sistem Informasi,3.4,91.6,4,Lulus
Irfan Hidayat,2020001144,Laki-Laki,Manajemen,2.68,93.9,4,Lulus
Hana Pratama,2019001145,Perempuan,Manajemen,3.11,95.3,3,Lulus
Nanda Wibowo,2020001146,Laki-Laki,Manajemen,2.84,72.8,4,Lulus
Sari Wijaya,2020001147,Laki-Laki,Teknik Informatika,3.01,84.6,6,Lulus
Mega Kusuma,2021001148,Perempuan,Sistem Informasi,2.97,92.1,4,Lulus
Gita Pratama,2018001149,Perempuan,Teknik Informatika,3.29,76.7,4,Lulus
Rizki Santoso,2020001150,Laki-Laki,Teknik Informatika,2.85,77.7,4,Lulus
Karina Sukma,2020001151,Laki-Laki,Teknik Informatika,2.86,84.2,4,Lulus
Joko Saputra,2018001152,Laki-Laki,Manajemen,3.3,79.5,3,Lulus
Agus Pratama,2019001153,Perempuan,Sistem Informasi,2.35,95.2,6,Lulus
Joko Wijaya,2021001154,Perempuan,Teknik Informatika,3.21,86.9,4,Lulus
Agus Kusuma,2020001155,Perempuan,Teknik Informatika,3.18,82.2,4,Lulus
Lia Wijaya,2019001156,Perempuan,Teknik Informatika,3.54,78.9,4,Lulus
Irfan Hidayat,2021001157,Perempuan,Akuntansi,3.05,87.8,4,Lulus
Agus Wijaya,2021001158,Laki-Laki,Teknik Informatika,2.65,87.9,5,Lulus
Citra Wijaya,2020001159,Perempuan,Hukum,3.86,80.8,4,Lulus
Agus Wijaya,2020001160,Laki-Laki,Teknik Informatika,3.48,84.6,6,Lulus
Gita Wijaya,2020001161,Perempuan,Manajemen,3.28,83.4,5,Lulus
Putri Setiawan,2020001162,Laki-Laki,Hukum,2.99,75.1,5,Lulus
Teguh Wijaya,2021001163,Laki-Laki,Teknik Informatika,3.46,87.9,4,Lulus
Dewi Wibowo,2020001164,Laki-Laki,Teknik Informatika,2.57,87.2,5,Lulus
Budi Kusuma,2021001165,Laki-Laki,Teknik Informatika,2.86,88.5,5,Lulus
Sari Wijaya,2020001166,Perempuan,Teknik Informatika,2.9,92.3,4,Lulus
Dewi Santoso,2021001167,Perempuan,Manajemen,2.78,87.0,6,Lulus
Karina Kusuma,2018001168,Perempuan,Manajemen,3.75,89.0,4,Lulus
Lia Wijaya,2021001169,Laki-Laki,Hukum,2.85,86.4,3,Lulus
Karina Setiawan,2020001170,Perempuan,Manajemen,2.64,73.1,4,Lulus
Nanda Sukma,2019001171,Perempuan,Manajemen,3.61,83.0,4,Lulus
Hana Wijaya,2020001172,Laki-Laki,Akuntansi,3.18,91.8,6,Lulus
Karina Wibowo,2020001173,Laki-Laki,Sistem Informasi,2.64,82.5,4,Lulus
Gita Setiawan,2021001174,Perempuan,Manajemen,2.84,83.5,6,Lulus
Hana Hidayat,2022001175,Perempuan,Sistem Informasi,3.43,83.5,5,Lulus
Sari Kusuma,2019001176,Laki-Laki,Manajemen,2.98,100.0,6,Lulus
Joko Nur,2021001177,Perempuan,Teknik Informatika,2.88,80.8,5,Lulus
Fajar Setiawan,2021001178,Laki-Laki,Akuntansi,2.93,73.4,7,Tidak Lulus
Oki Nur,2022001179,Perempuan,Akuntansi,4.0,73.5,4,Lulus
Nanda Pratama,2021001180,Laki-Laki,Teknik Informatika,3.84,87.8,4,Lulus
Fajar Wijaya,2020001181,Perempuan,Hukum,3.01,80.3,4,Lulus
Dewi Kusuma,2021001182,Laki-Laki,Sistem Informasi,2.91,83.7,4,Lulus
Budi Nur,2019001183,Laki-Laki,Manajemen,2.8,90.4,3,Lulus
Joko Wijaya,2020001184,Perempuan,Hukum,2.24,91.6,4,Lulus
Teguh Wibowo,2020001185,Perempuan,Sistem Informasi,2.51,80.4,5,Lulus
Gita Sukma,2022001186,Laki-Laki,Hukum,2.76,100.0,7,Lulus
Rizki Saputra,2022001187,Perempuan,Teknik Informatika,2.83,98.6,7,Lulus
Oki Setiawan,2022001188,Laki-Laki,Sistem Informasi,2.73,99.1,4,Lulus
Dewi Saputra,2019001189,Perempuan,Manajemen,2.35,89.7,5,Lulus
Karina Sukma,2020001190,Perempuan,Akuntansi,3.93,87.7,4,Lulus
Eka Santoso,2021001191,Laki-Laki,Akuntansi,3.75,87.7,4,Lulus
Lia Wijaya,2020001192,Laki-Laki,Teknik Informatika,2.15,93.8,5,Lulus
Dewi Setiawan,2019001193,Perempuan,Teknik Informatika,3.85,71.8,4,Lulus
Karina Santoso,2020001194,Laki-Laki,Teknik Informatika,2.72,96.0,4,Lulus
Teguh Pratama,2019001195,Perempuan,Manajemen,3.49,93.0,5,Lulus
Agus Hidayat,2020001196,Laki-Laki,Teknik Informatika,3.76,89.1,4,Lulus
Citra Hidayat,2021001197,Perempuan,Sistem Informasi,2.83,93.6,4,Lulus
Joko Nur,2020001198,Laki-Laki,Akuntansi,3.35,89.2,6,Lulus
Eka Pratama,2020001199,Perempuan,Hukum,3.91,80.4,4,Lulus
Oki Wibowo,2021001200,Laki-Laki,Sistem Informasi,2.95,89.4,7,Lulus
Citra Setiawan,2022001201,Laki-Laki,Sistem Informasi,3.11,91.3,4,Lulus
Gita Setiawan,2020001202,Perempuan,Manajemen,1.72,79.7,4,Tidak Lulus
Budi Nur,2019001203,Laki-Laki,Teknik Informatika,2.92,84.1,4,Lulus
Eka Wibowo,2022001204,Perempuan,Hukum,2.98,85.1,5,Lulus
Rizki Nur,2021001205,Laki-Laki,Manajemen,3.09,80.7,6,Lulus
Karina Wibowo,2022001206,Laki-Laki,Sistem Informasi,2.67,98.0,5,Lulus
Irfan Kusuma,2020001207,Perempuan,Hukum,2.91,89.1,3,Lulus
Umi Santoso,2019001208,Perempuan,Sistem Informasi,3.17,84.0,5,Lulus
Dewi Sukma,2021001209,Laki-Laki,Akuntansi,3.1,97.0,5,Lulus
Fajar Setiawan,2019001210,Perempuan,Manajemen,3.73,83.4,4,Lulus
Budi Wibowo,2020001211,Perempuan,Sistem Informasi,2.0,59.5,4,Tidak Lulus
Joko Santoso,2020001212,Perempuan,Akuntansi,2.45,72.8,4,Lulus
Eka Kusuma,2020001213,Laki-Laki,Teknik Informatika,2.86,85.0,5,Lulus
Karina Wijaya,2021001214,Laki-Laki,Akuntansi,3.88,94.1,4,Lulus
Rizki Saputra,2021001215,Laki-Laki,Sistem Informasi,3.28,93.5,3,Lulus
Fajar Saputra,2020001216,Perempuan,Teknik Informatika,3.25,81.2,7,Lulus
Putri Santoso,2022001217,Laki-Laki,Manajemen,2.46,87.3,4,Lulus
Joko Kusuma,2019001218,Perempuan,Sistem Informasi,3.21,82.2,6,Lulus
Fajar Kusuma,2021001219,Perempuan,Teknik Informatika,3.46,78.2,4,Lulus
Teguh Pratama,2020001220,Laki-Laki,Hukum,3.12,95.2,4,Lulus
Nanda Pratama,2020001221,Laki-Laki,Teknik Informatika,2.96,96.2,4,Lulus
Eka Hidayat,2020001222,Laki-Laki,Hukum,2.25,79.4,6,Tidak Lulus
Eka Santoso,2019001223,Laki-Laki,Akuntansi,2.59,87.8,3,Lulus
Dewi Saputra,2022001224,Laki-Laki,Manajemen,4.0,76.4,4,Lulus
Putri Setiawan,2022001225,Perempuan,Sistem Informasi,3.69,88.6,4,Lulus
Nanda Sukma,2020001226,Laki-Laki,Teknik Informatika,2.27,91.2,4,Lulus
Rizki Wijaya,2020001227,Perempuan,Akuntansi,2.96,90.4,4,Lulus
Joko Hidayat,2021001228,Laki-Laki,Teknik Informatika,2.59,97.4,3,Lulus
Fajar Nur,2021001229,Perempuan,Manajemen,2.81,89.0,4,Lulus
Irfan Pratama,2020001230,Perempuan,Sistem Informasi,2.57,87.9,7,Tidak Lulus
Umi Wibowo,2020001231,Perempuan,Hukum,3.54,92.7,5,Lulus
Teguh Santoso,2021001232,Perempuan,Teknik Informatika,3.1,84.4,6,Lulus
Lia Hidayat,2019001233,Laki-Laki,Sistem Informasi,3.45,79.3,4,Lulus
Hana Sukma,2021001234,Laki-Laki,Akuntansi,3.19,73.9,4,Lulus
Oki Hidayat,2021001235,Laki-Laki,Manajemen,2.78,88.6,4,Lulus
Sari Kusuma,2020001236,Laki-Laki,Sistem Informasi,2.81,69.0,5,Lulus
Fajar Sukma,2020001237,Laki-Laki,Teknik Informatika,2.74,89.4,4,Lulus
Hana Kusuma,2022001238,Laki-Laki,Teknik Informatika,2.74,85.0,6,Lulus
Fajar Hidayat,2020001239,Perempuan,Sistem Informasi,2.74,84.8,5,Lulus
Budi Hidayat,2022001240,Laki-Laki,Hukum,3.45,100.0,4,Lulus
Irfan Pratama,2020001241,Laki-Laki,Manajemen,2.69,71.2,4,Lulus
Gita Hidayat,2021001242,Laki-Laki,Teknik Informatika,2.93,73.0,4,Lulus
Nanda Wijaya,2021001243,Perempuan,Teknik Informatika,3.45,71.3,5,Lulus
Budi Hidayat,2020001244,Laki-Laki,Teknik Informatika,3.08,81.5,6,Lulus
Dewi Hidayat,2020001245,Laki-Laki,Teknik Informatika,2.07,84.8,4,Lulus
Joko Nur,2020001246,Perempuan,Sistem Informasi,2.51,98.6,4,Lulus
Lia Sukma,2019001247,Perempuan,Teknik Informatika,3.17,72.0,5,Lulus
Dewi Sukma,2020001248,Perempuan,Manajemen,3.0,69.6,5,Lulus
Rizki Wibowo,2021001249,Perempuan,Sistem Informasi,2.85,89.0,4,Lulus
Fajar Sukma,2019001250,Laki-Laki,Teknik Informatika,3.09,95.5,3,Lulus
Lia Saputra,2019001251,Perempuan,Teknik Informatika,3.25,85.4,4,Lulus
Citra Wijaya,2022001252,Perempuan,Manajemen,3.25,91.0,4,Lulus
Nanda Nur,2021001253,Perempuan,Sistem Informasi,2.42,77.4,4,Lulus
Rizki Setiawan,2020001254,Laki-Laki,Sistem Informasi,2.49,83.7,4,Lulus
Teguh Santoso,2021001255,Perempuan,Teknik Informatika,3.49,82.9,7,Lulus
Joko Saputra,2019001256,Perempuan,Teknik Informatika,3.18,100.0,4,Lulus
Sari Setiawan,2020001257,Perempuan,Sistem Informasi,3.21,78.8,4,Lulus
Lia Wijaya,2021001258,Laki-Laki,Teknik Informatika,2.75,75.5,3,Lulus
Lia Sukma,2020001259,Perempuan,Teknik Informatika,3.04,84.2,3,Lulus
Hana Nur,2020001260,Perempuan,Manajemen,3.36,80.3,4,Lulus
Agus Wibowo,2022001261,Laki-Laki,Teknik Informatika,2.74,81.4,4,Lulus
Mega Santoso,2021001262,Perempuan,Teknik Informatika,2.24,74.1,3,Lulus
Nanda Setiawan,2021001263,Laki-Laki,Teknik Informatika,3.36,85.6,6,Lulus
Eka Pratama,2021001264,Perempuan,Teknik Informatika,2.77,75.6,4,Lulus
Mega Nur,2021001265,Perempuan,Teknik Informatika,2.69,100.0,5,Lulus
Umi Saputra,2020001266,Laki-Laki,Teknik Informatika,3.53,86.2,5,Lulus
Nanda Setiawan,2021001267,Perempuan,Teknik Informatika,2.75,96.2,4,Lulus
Oki Sukma,2021001268,Laki-Laki,Teknik Informatika,3.01,74.4,4,Lulus
Rizki Kusuma,2019001269,Perempuan,Teknik Informatika,3.84,78.9,3,Lulus
Budi Wibowo,2020001270,Laki-Laki,Teknik Informatika,2.51,85.1,4,Lulus
Irfan Kusuma,2021001271,Laki-Laki,Hukum,3.41,76.5,4,Lulus
Rizki Pratama,2021001272,Perempuan,Teknik Informatika,3.01,87.8,5,Lulus
Budi Sukma,2020001273,Laki-Laki,Teknik Informatika,2.85,73.9,4,Lulus
Teguh Pratama,2019001274,Perempuan,Sistem Informasi,2.86,100.0,5,Lulus
Dewi Kusuma,2019001275,Perempuan,Teknik Informatika,2.17,84.8,4,Lulus
Citra Wibowo,2022001276,Perempuan,Hukum,2.9,73.4,4,Lulus
Irfan Nur,2018001277,Perempuan,Teknik Informatika,1.88,98.2,4,Lulus
Putri Sukma,2020001278,Perempuan,Manajemen,3.06,74.6,3,Lulus
Budi Nur,2020001279,Perempuan,Manajemen,2.97,81.0,4,Lulus
Oki Wijaya,2022001280,Laki-Laki,Akuntansi,3.24,90.5,4,Lulus
Mega Kusuma,2021001281,Perempuan,Sistem Informasi,2.93,81.3,5,Lulus
Eka Saputra,2019001282,Laki-Laki,Teknik Informatika,3.06,81.2,4,Lulus
Irfan Kusuma,2021001283,Laki-Laki,Sistem Informasi,3.45,72.9,4,Lulus
Nanda Wibowo,2020001284,Laki-Laki,Sistem Informasi,2.83,90.6,3,Lulus
Oki Santoso,2021001285,Perempuan,Sistem Informasi,2.51,100.0,4,Lulus
Mega Wibowo,2018001286,Laki-Laki,Teknik Informatika,2.66,92.3,4,Lulus
Gita Nur,2019001287,Laki-Laki,Teknik Informatika,3.17,80.4,5,Lulus
Teguh Sukma,2022001288,Perempuan,Akuntansi,2.63,75.4,3,Lulus
Nanda Hidayat,2019001289,Perempuan,Sistem Informasi,2.67,77.3,6,Lulus
Teguh Wibowo,2019001290,Perempuan,Sistem Informasi,3.68,87.6,4,Lulus
Hana Wibowo,2020001291,Perempuan,Hukum,2.55,78.6,4,Lulus
Rizki Kusuma,2020001292,Perempuan,Teknik Informatika,3.29,86.4,5,Lulus
Mega Hidayat,2020001293,Perempuan,Teknik Informatika,3.05,75.9,3,Lulus
Mega Kusuma,2019001294,Laki-Laki,Sistem Informasi,2.8,88.5,4,Lulus
Nanda Sukma,2019001295,Laki-Laki,Hukum,4.0,89.7,4,Lulus
Sari Pratama,2021001296,Perempuan,Teknik Informatika,3.33,74.3,4,Lulus
Mega Wijaya,2018001297,Perempuan,Teknik Informatika,3.05,86.5,4,Lulus
Budi Sukma,2020001298,Laki-Laki,Teknik Informatika,3.02,86.9,5,Lulus
Fajar Setiawan,2020001299,Laki-Laki,Sistem Informasi,3.68,90.6,6,Lulus
Mega Saputra,2020001300,Laki-Laki,Akuntansi,3.36,84.0,3,Lulus
Agus Wijaya,2022001301,Perempuan,Teknik Informatika,2.99,97.0,4,Lulus
Budi Wibowo,2020001302,Perempuan,Manajemen,2.4,75.7,4,Lulus
Sari Santoso,2022001303,Perempuan,Teknik Informatika,2.69,94.5,5,Lulus
Budi Nur,2020001304,Perempuan,Teknik Informatika,3.11,92.4,4,Lulus
Karina Pratama,2021001305,Laki-Laki,Teknik Informatika,3.31,100.0,4,Lulus
Fajar Setiawan,2020001306,Perempuan,Teknik Informatika,3.41,89.6,3,Lulus
Joko Wibowo,2020001307,Perempuan,Sistem Informasi,2.58,93.5,4,Lulus
Gita Wibowo,2022001308,Laki-Laki,Sistem Informasi,3.23,80.7,3,Lulus
Joko Nur,2020001309,Perempuan,Sistem Informasi,2.41,74.2,5,Lulus
Putri Hidayat,2022001310,Laki-Laki,Hukum,2.68,93.6,5,Lulus
Umi Hidayat,2020001311,Laki-Laki,Manajemen,3.35,87.8,5,Lulus
Rizki Santoso,2020001312,Perempuan,Teknik Informatika,2.67,87.2,6,Lulus
Sari Hidayat,2022001313,Perempuan,Teknik Informatika,3.59,71.1,5,Lulus
Mega Setiawan,2021001314,Laki-Laki,Akuntansi,3.03,90.4,6,Lulus
Karina Setiawan,2019001315,Perempuan,Teknik Informatika,2.47,89.0,4,Lulus
Joko Wijaya,2020001316,Perempuan,Manajemen,2.65,98.3,4,Lulus
Nanda Wijaya,2021001317,Perempuan,Hukum,2.94,82.6,5,Lulus
Nanda Hidayat,2019001318,Perempuan,Sistem Informasi,2.57,79.4,5,Lulus
Hana Sukma,2019001319,Laki-Laki,Hukum,3.39,79.5,6,Lulus
Karina Sukma,2021001320,Laki-Laki,Teknik Informatika,3.17,83.1,4,Lulus
Umi Santoso,2021001321,Perempuan,Teknik Informatika,3.17,97.5,4,Lulus
Lia Santoso,2021001322,Perempuan,Teknik Informatika,3.74,82.6,4,Lulus
Putri Nur,2019001323,Perempuan,Teknik Informatika,3.25,64.8,6,Lulus
Fajar Wijaya,2018001324,Perempuan,Sistem Informasi,3.16,86.9,4,Lulus
Lia Setiawan,2020001325,Perempuan,Hukum,2.74,96.2,5,Lulus
Citra Kusuma,2020001326,Perempuan,Manajemen,3.2,84.9,4,Lulus
Nanda Setiawan,2022001327,Laki-Laki,Sistem Informasi,2.89,79.2,4,Lulus
Gita Wibowo,2020001328,Perempuan,Teknik Informatika,3.19,100.0,5,Lulus
Citra Wijaya,2020001329,Laki-Laki,Sistem Informasi,3.04,100.0,4,Lulus
Rizki Santoso,2018001330,Laki-Laki,Sistem Informasi,3.03,77.9,4,Lulus
Budi Santoso,2020001331,Laki-Laki,Teknik Informatika,3.06,75.1,4,Lulus
Umi Nur,2020001332,Perempuan,Teknik Informatika,2.81,95.6,4,Lulus
Agus Santoso,2019001333,Perempuan,Akuntansi,2.57,78.1,7,Tidak Lulus
Agus Wibowo,2021001334,Laki-Laki,Teknik Informatika,3.29,80.4,4,Lulus
Fajar Santoso,2018001335,Perempuan,Akuntansi,2.8,78.0,3,Lulus
Teguh Kusuma,2021001336,Perempuan,Sistem Informasi,3.35,96.6,4,Lulus
Mega Sukma,2021001337,Perempuan,Teknik Informatika,2.84,86.6,5,Lulus
Fajar Saputra,2021001338,Perempuan,Teknik Informatika,2.78,84.5,4,Lulus
Gita Pratama,2020001339,Perempuan,Teknik Informatika,3.25,79.1,5,Lulus
Putri Kusuma,2018001340,Laki-Laki,Manajemen,2.74,94.4,4,Lulus
Rizki Sukma,2021001341,Perempuan,Sistem Informasi,2.76,93.1,3,Lulus
Lia Nur,2020001342,Perempuan,Akuntansi,3.28,93.9,5,Lulus
Agus Kusuma,2020001343,Laki-Laki,Sistem Informasi,2.41,76.6,4,Lulus
Lia Nur,2020001344,Laki-Laki,Teknik Informatika,2.9,73.9,4,Lulus
Agus Kusuma,2020001345,Laki-Laki,Manajemen,2.85,88.4,5,Lulus
Agus Saputra,2021001346,Perempuan,Hukum,2.39,91.0,4,Lulus
Dewi Nur,2021001347,Laki-Laki,Teknik Informatika,3.24,90.9,4,Lulus
Eka Setiawan,2019001348,Laki-Laki,Teknik Informatika,3.39,99.7,3,Lulus
Karina Nur,2020001349,Laki-Laki,Manajemen,2.72,84.1,5,Lulus
Sari Sukma,2020001350,Perempuan,Akuntansi,3.12,97.1,5,Lulus
Umi Hidayat,2018001351,Perempuan,Teknik Informatika,3.0,71.3,6,Lulus
Lia Santoso,2020001352,Perempuan,Sistem Informasi,3.01,75.5,5,Lulus
Irfan Wijaya,2018001353,Perempuan,Sistem Informasi,3.31,89.0,5,Lulus
Umi Saputra,2019001354,Perempuan,Sistem Informasi,3.3,88.5,6,Lulus
Irfan Saputra,2022001355,Laki-Laki,Sistem Informasi,2.48,92.3,4,Lulus
Hana Wibowo,2020001356,Perempuan,Sistem Informasi,3.07,100.0,5,Lulus
Budi Santoso,2020001357,Laki-Laki,Teknik Informatika,2.94,86.4,4,Lulus
Fajar Wibowo,2020001358,Laki-Laki,Manajemen,3.53,86.5,6,Lulus
Oki Saputra,2020001359,Laki-Laki,Teknik Informatika,2.94,83.5,4,Lulus
Karina Wijaya,2019001360,Laki-Laki,Sistem Informasi,2.98,84.4,4,Lulus
Umi Setiawan,2021001361,Laki-Laki,Teknik Informatika,2.82,96.0,4,Lulus
Nanda Wijaya,2021001362,Perempuan,Akuntansi,2.85,84.6,4,Lulus
Sari Saputra,2020001363,Laki-Laki,Manajemen,1.78,89.5,4,Lulus
Agus Sukma,2022001364,Laki-Laki,Sistem Informasi,3.02,84.7,4,Lulus
Teguh Pratama,2019001365,Perempuan,Teknik Informatika,2.59,87.5,6,Tidak Lulus
Putri Wibowo,2021001366,Laki-Laki,Teknik Informatika,2.79,93.6,4,Lulus
Sari Setiawan,2021001367,Laki-Laki,Manajemen,4.0,89.8,7,Lulus
Citra Wijaya,2021001368,Laki-Laki,Sistem Informasi,2.79,100.0,5,Lulus
Dewi Hidayat,2020001369,Laki-Laki,Manajemen,3.49,86.9,4,Lulus
Fajar Hidayat,2022001370,Laki-Laki,Teknik Informatika,2.78,93.6,7,Tidak Lulus
Irfan Saputra,2022001371,Perempuan,Teknik Informatika,2.14,73.6,4,Lulus
Joko Santoso,2020001372,Laki-Laki,Teknik Informatika,2.73,88.8,4,Lulus
Eka Wibowo,2019001373,Perempuan,Manajemen,3.4,89.7,4,Lulus
Hana Wijaya,2021001374,Laki-Laki,Sistem Informasi,2.85,80.5,4,Lulus
Lia Sukma,2019001375,Perempuan,Teknik Informatika,3.08,96.8,5,Lulus
Citra Sukma,2019001376,Laki-Laki,Sistem Informasi,3.17,89.1,6,Lulus
Nanda Sukma,2021001377,Perempuan,Sistem Informasi,3.11,81.2,4,Lulus
Citra Pratama,2021001378,Perempuan,Teknik Informatika,3.55,93.6,6,Lulus
Hana Santoso,2020001379,Perempuan,Hukum,3.06,100.0,4,Lulus
Oki Setiawan,2019001380,Laki-Laki,Manajemen,3.38,77.6,4,Lulus
Dewi Kusuma,2022001381,Laki-Laki,Manajemen,3.56,92.7,4,Lulus
Budi Nur,2020001382,Laki-Laki,Sistem Informasi,3.33,93.6,5,Lulus
Nanda Hidayat,2020001383,Laki-Laki,Akuntansi,2.28,76.3,4,Lulus
Agus Pratama,2018001384,Laki-Laki,Teknik Informatika,2.88,86.2,5,Lulus
Putri Wibowo,2019001385,Laki-Laki,Teknik Informatika,3.02,78.4,6,Lulus
Agus Sukma,2021001386,Laki-Laki,Teknik Informatika,2.51,95.6,5,Lulus
Budi Sukma,2018001387,Laki-Laki,Akuntansi,3.19,98.1,5,Lulus
Citra Setiawan,2020001388,Perempuan,Manajemen,2.38,89.7,4,Lulus
Eka Pratama,2021001389,Laki-Laki,Teknik Informatika,3.76,100.0,5,Lulus
Gita Sukma,2019001390,Perempuan,Teknik Informatika,2.23,79.4,4,Lulus
Mega Sukma,2021001391,Laki-Laki,Sistem Informasi,3.03,96.2,5,Lulus
Rizki Setiawan,2019001392,Laki-Laki,Sistem Informasi,1.69,70.4,4,Tidak Lulus
Eka Sukma,2020001393,Perempuan,Hukum,3.33,86.4,4,Lulus
Dewi Santoso,2020001394,Laki-Laki,Akuntansi,2.57,89.4,5,Lulus
Hana Pratama,2018001395,Laki-Laki,Teknik Informatika,3.11,94.5,4,Lulus
Irfan Kusuma,2021001396,Perempuan,Sistem Informasi,2.17,83.0,7,Tidak Lulus
Nanda Wijaya,2019001397,Laki-Laki,Hukum,2.68,86.1,4,Lulus
Nanda Pratama,2020001398,Perempuan,Manajemen,3.43,91.9,4,Lulus
Mega Santoso,2020001399,Laki-Laki,Akuntansi,3.04,75.2,4,Lulus
Mega Pratama,2020001400,Laki-Laki,Sistem Informasi,2.69,94.8,6,Lulus
Joko Setiawan,2020001401,Laki-Laki,Akuntansi,3.3,90.2,5,Lulus
Sari Wibowo,2022001402,Perempuan,Teknik Informatika,2.84,98.6,4,Lulus
Umi Wijaya,2021001403,Perempuan,Sistem Informasi,3.62,86.1,5,Lulus
Fajar Santoso,2020001404,Perempuan,Teknik Informatika,3.31,92.9,6,Lulus
Mega Santoso,2018001405,Laki-Laki,Manajemen,3.67,94.5,4,Lulus
Irfan Wibowo,2019001406,Laki-Laki,Teknik Informatika,2.7,88.7,4,Lulus
Umi Santoso,2020001407,Perempuan,Teknik Informatika,4.0,80.8,4,Lulus
Gita Kusuma,2019001408,Laki-Laki,Teknik Informatika,2.48,83.6,6,Tidak Lulus
Umi Saputra,2020001409,Perempuan,Manajemen,2.12,100.0,5,Lulus
Gita Saputra,2020001410,Perempuan,Teknik Informatika,3.74,83.7,4,Lulus
Umi Nur,2021001411,Laki-Laki,Hukum,3.09,92.3,4,Lulus
Fajar Wibowo,2019001412,Perempuan,Manajemen,2.55,96.7,4,Lulus
Joko Setiawan,2021001413,Perempuan,Sistem Informasi,4.0,94.6,4,Lulus
Umi Hidayat,2021001414,Perempuan,Sistem Informasi,2.7,89.9,4,Lulus
Agus Pratama,2019001415,Perempuan,Sistem Informasi,2.99,84.5,4,Lulus
Hana Hidayat,2020001416,Perempuan,Teknik Informatika,3.25,91.1,4,Lulus
Eka Wijaya,2020001417,Perempuan,Manajemen,2.54,76.6,4,Lulus
Putri Sukma,2019001418,Laki-Laki,Teknik Informatika,3.28,90.7,4,Lulus
Oki Nur,2020001419,Laki-Laki,Teknik Informatika,2.61,75.3,4,Lulus
Eka Hidayat,2019001420,Laki-Laki,Hukum,2.58,94.6,7,Tidak Lulus
Fajar Sukma,2021001421,Perempuan,Teknik Informatika,3.67,85.6,6,Lulus
Joko Sukma,2020001422,Perempuan,Teknik Informatika,3.66,81.3,4,Lulus
Dewi Hidayat,2019001423,Laki-Laki,Hukum,3.01,72.2,4,Lulus
Citra Hidayat,2021001424,Laki-Laki,Hukum,2.48,84.6,6,Lulus
Dewi Wijaya,2021001425,Laki-Laki,Sistem Informasi,2.11,88.8,3,Lulus
Sari Kusuma,2019001426,Perempuan,Teknik Informatika,2.88,69.7,4,Lulus
Citra Kusuma,2021001427,Laki-Laki,Sistem Informasi,3.2,85.7,4,Lulus
Sari Nur,2020001428,Perempuan,Akuntansi,3.03,90.1,4,Lulus
Budi Setiawan,2020001429,Perempuan,Manajemen,2.67,80.9,7,Tidak Lulus
Fajar Wibowo,2020001430,Perempuan,Hukum,3.61,89.4,4,Lulus
Nanda Saputra,2020001431,Perempuan,Teknik Informatika,3.29,89.9,4,Lulus
Eka Sukma,2021001432,Perempuan,Sistem Informasi,3.06,87.6,4,Lulus
Karina Wijaya,2019001433,Laki-Laki,Hukum,2.75,82.4,4,Lulus
Umi Kusuma,2020001434,Laki-Laki,Sistem Informasi,2.56,80.9,6,Tidak Lulus
Putri Hidayat,2022001435,Laki-Laki,Sistem Informasi,2.88,81.0,4,Lulus
Hana Santoso,2020001436,Perempuan,Teknik Informatika,2.26,85.5,4,Lulus
Fajar Pratama,2020001437,Perempuan,Teknik Informatika,3.68,86.7,4,Lulus
Agus Kusuma,2021001438,Laki-Laki,Akuntansi,2.8,80.7,5,Lulus
Umi Nur,2022001439,Perempuan,Sistem Informasi,3.04,90.1,5,Lulus
Fajar Saputra,2019001440,Perempuan,Teknik Informatika,2.13,69.2,4,Lulus
Fajar Pratama,2020001441,Laki-Laki,Sistem Informasi,3.18,72.8,6,Lulus
Agus Santoso,2020001442,Perempuan,Teknik Informatika,3.38,82.3,5,Lulus
Teguh Sukma,2021001443,Laki-Laki,Teknik Informatika,3.89,79.5,4,Lulus
Budi Kusuma,2020001444,Perempuan,Manajemen,3.58,92.0,4,Lulus
Irfan Wibowo,2019001445,Laki-Laki,Hukum,3.09,59.8,4,Lulus
Dewi Kusuma,2020001446,Laki-Laki,Manajemen,2.8,83.2,4,Lulus
Agus Setiawan,2019001447,Perempuan,Sistem Informasi,2.77,85.8,6,Lulus
Gita Wijaya,2020001448,Perempuan,Manajemen,3.14,95.8,4,Lulus
Oki Sukma,2022001449,Laki-Laki,Sistem Informasi,2.64,87.7,4,Lulus
Eka Wibowo,2020001450,Laki-Laki,Teknik Informatika,2.55,90.0,4,Lulus
Eka Wibowo,2020001451,Laki-Laki,Teknik Informatika,2.98,87.8,4,Lulus
Gita Saputra,2021001452,Laki-Laki,Hukum,2.81,92.6,5,Lulus
Fajar Kusuma,2022001453,Laki-Laki,Teknik Informatika,3.31,100.0,4,Lulus
Putri Nur,2019001454,Perempuan,Sistem Informasi,2.42,98.5,4,Lulus
Fajar Kusuma,2022001455,Perempuan,Sistem Informasi,2.59,100.0,4,Lulus
Dewi Hidayat,2019001456,Laki-Laki,Teknik Informatika,3.01,90.5,4,Lulus
Putri Kusuma,2020001457,Laki-Laki,Teknik Informatika,2.58,85.0,3,Lulus
Agus Hidayat,2019001458,Laki-Laki,Teknik Informatika,2.82,98.4,5,Lulus
Irfan Santoso,2020001459,Perempuan,Manajemen,2.42,75.4,4,Lulus
Karina Wibowo,2021001460,Perempuan,Teknik Informatika,2.63,78.5,3,Lulus
Nanda Pratama,2020001461,Laki-Laki,Hukum,3.51,90.9,4,Lulus
Joko Setiawan,2020001462,Laki-Laki,Hukum,3.56,75.3,5,Lulus
Karina Santoso,2019001463,Laki-Laki,Teknik Informatika,2.9,95.8,5,Lulus
Gita Saputra,2020001464,Laki-Laki,Teknik Informatika,3.56,83.7,5,Lulus
Sari Wibowo,2019001465,Laki-Laki,Hukum,2.91,96.7,4,Lulus
Karina Wijaya,2019001466,Laki-Laki,Teknik Informatika,2.64,69.5,4,Lulus
Eka Sukma,2019001467,Laki-Laki,Sistem Informasi,3.59,100.0,4,Lulus
Citra Nur,2019001468,Laki-Laki,Akuntansi,4.0,86.9,4,Lulus
Fajar Sukma,2020001469,Perempuan,Sistem Informasi,4.0,83.6,5,Lulus
Eka Nur,2019001470,Perempuan,Hukum,3.9,94.4,4,Lulus
Karina Hidayat,2019001471,Perempuan,Sistem Informasi,2.24,73.7,6,Tidak Lulus
Agus Kusuma,2021001472,Laki-Laki,Sistem Informasi,3.55,75.7,4,Lulus
Irfan Wijaya,2020001473,Laki-Laki,Hukum,3.44,91.7,7,Lulus
Fajar Santoso,2021001474,Perempuan,Hukum,2.67,87.2,4,Lulus
Gita Saputra,2019001475,Laki-Laki,Manajemen,3.39,88.1,4,Lulus
Teguh Hidayat,2020001476,Perempuan,Sistem Informasi,3.28,80.3,4,Lulus
Dewi Nur,2021001477,Laki-Laki,Sistem Informasi,2.22,68.9,4,Lulus
Budi Saputra,2020001478,Perempuan,Akuntansi,2.67,85.2,6,Lulus
Fajar Setiawan,2020001479,Laki-Laki,Sistem Informasi,2.51,70.0,5,Tidak Lulus
Hana Sukma,2020001480,Laki-Laki,Sistem Informasi,3.88,78.5,4,Lulus
Teguh Hidayat,2021001481,Laki-Laki,Akuntansi,4.0,90.7,7,Lulus
Eka Nur,2019001482,Laki-Laki,Akuntansi,3.6,82.1,4,Lulus
Eka Pratama,2022001483,Perempuan,Sistem Informasi,4.0,89.1,4,Lulus
Karina Santoso,2018001484,Laki-Laki,Teknik Informatika,3.1,99.7,4,Lulus
Citra Pratama,2021001485,Laki-Laki,Teknik Informatika,3.17,79.9,6,Lulus
Gita Kusuma,2020001486,Perempuan,Teknik Informatika,3.0,94.9,4,Lulus
Irfan Santoso,2021001487,Perempuan,Sistem Informasi,2.92,75.8,4,Lulus
Mega Setiawan,2021001488,Laki-Laki,Teknik Informatika,3.41,84.5,4,Lulus
Fajar Pratama,2019001489,Laki-Laki,Sistem Informasi,2.17,78.0,4,Lulus
Putri Pratama,2019001490,Laki-Laki,Hukum,2.21,84.9,6,Tidak Lulus
Eka Kusuma,2020001491,Perempuan,Hukum,2.82,77.4,4,Lulus
Karina Setiawan,2020001492,Perempuan,Manajemen,2.64,90.5,5,Lulus
Budi Setiawan,2020001493,Perempuan,Manajemen,2.08,79.8,5,Lulus
Joko Pratama,2019001494,Perempuan,Hukum,3.71,87.2,4,Lulus
Budi Hidayat,2022001495,Perempuan,Manajemen,4.0,87.3,6,Lulus
Rizki Saputra,2018001496,Perempuan,Teknik Informatika,3.56,86.7,4,Lulus
Oki Nur,2021001497,Laki-Laki,Sistem Informasi,2.93,73.1,4,Lulus
Hana Setiawan,2019001498,Perempuan,Hukum,3.26,97.3,5,Lulus
Agus Setiawan,2020001499,Perempuan,Teknik Informatika,3.07,87.1,6,Lulus
